year,incomes
1970,3339.299037
1971,3768.297935
1972,4251.175484
1973,4804.463248
1974,5576.514583